subject_id,subject_name,tutor
100001,Mathematics,Lily Williams
100002,Arts,Thomas Brown
100003,English,Ava White
100004,Science,Charlie Wilson
100005,Science,Charlie Taylor
100006,English,Olivia Martin
100007,English,Charlie Taylor
100008,Mathematics,Jessica Davies
100009,Social studies,Jacob Harris
100010,Science,Oscar Evans
100011,English,Oscar Evans
100012,English,Oscar Harris
100013,English,Olivia Martin
100014,Science,Harry Martin
100015,Arts,Lily Williams
100016,Arts,Olivia King
100017,Arts,Olivia King
100018,Arts,Ava Wilson
100019,English,Olivia Martin
100020,Science,Jessica Davies
100021,English,Olivia Martin
100022,Mathematics,Lily Williams
100023,Arts,Ava Wilson
100024,Social studies,Jacob Brown
100025,Mathematics,Charlie Davies
100026,Arts,Jessica Davies
100027,Mathematics,Jack Martin
100028,English,Olivia King
100029,Science,Jessica Davies
100030,English,Jack Martin
100031,Arts,Harry Martin
100032,Arts,Charlie Taylor
100033,Arts,Charlie Taylor
100034,English,Charlie Taylor
100035,English,Harry Martin
100036,Science,Jacob Harris
100037,Science,James Harris
100038,Social studies,Olivia Martin
100039,Mathematics,Lily Jones
100040,Science,Charlie Wilson
100041,English,Jessica Davies
100042,Social studies,Jacob Brown
100043,English,Charlie Davies
100044,English,Ava White
100045,Social studies,Isabella Martin
100046,English,Thomas Brown
100047,English,Oscar Evans
100048,English,Ava Wilson
100049,Science,James Harris
100050,Mathematics,Lily Jones
100051,Arts,Jacob Harris
100052,Science,James Harris
100053,Arts,Isabella Martin
100054,Science,Olivia Martin
100055,Social studies,James Harris
100056,English,Charlie Davies
100057,Social studies,Jacob Harris
100058,Arts,Lily Jones
100059,English,Oscar Brown
100060,Arts,Isabella Martin
100061,Arts,Oscar Evans
100062,Arts,Charlie Wilson
100063,Social studies,Charlie Taylor
100064,Arts,James Harris
100065,Arts,Oscar Brown
100066,English,Charlie Davies
100067,English,Harry Martin
100068,Social studies,Isabella Martin
100069,Science,Ava White
100070,Mathematics,Charlie Taylor
100071,Mathematics,Oscar Evans
100072,Arts,Olivia King
100073,Mathematics,James Harris
100074,Science,Olivia Martin
100075,Arts,Olivia Martin
100076,Social studies,Charlie Davies
100077,Social studies,Oscar Brown
100078,Arts,Charlie Davies
100079,Science,Ava White
100080,Mathematics,Ava Wilson
100081,English,Olivia King
100082,English,Jacob Brown
100083,Arts,Olivia Martin
100084,Mathematics,Jack Martin
100085,English,Jessica Davies
100086,Mathematics,Jacob Harris
100087,English,Ava White
100088,Arts,Charlie Wilson
100089,Arts,Charlie Wilson
100090,Social studies,Charlie Davies
100091,Science,Oscar Brown
100092,Mathematics,Jack Martin
100093,Mathematics,Charlie Davies
100094,Science,Charlie Davies
100095,Science,Oscar Harris
100096,English,James Harris
100097,Science,Isabella Martin
100098,Science,Olivia Martin
100099,Science,Jessica Davies
100100,Mathematics,Oscar Brown
100101,Arts,Olivia King
100102,Science,Jacob Brown
100103,Science,Thomas Brown
100104,Social studies,Harry Martin
100105,Arts,Thomas Brown
100106,Arts,Charlie Davies
100107,Mathematics,Ava Wilson
100108,Arts,Olivia Martin
100109,Science,Lily Jones
100110,Arts,James Harris
100111,Arts,Isabella Martin
100112,Social studies,Harry Martin
100113,Science,Thomas Brown
100114,Mathematics,Oscar Brown
100115,Arts,Oscar Harris
100116,Mathematics,Jacob Harris
100117,Social studies,James Harris
100118,Mathematics,Jessica Davies
100119,English,James Harris
100120,Mathematics,Lily Jones
100121,Science,Thomas Brown
100122,Arts,Olivia Martin
100123,Social studies,Thomas Brown
100124,Science,Ava Wilson
100125,Arts,Charlie Taylor
100126,Mathematics,Olivia King
100127,Mathematics,James Harris
100128,Arts,Isabella Martin
100129,Mathematics,Jacob Brown
100130,Arts,Oscar Brown
100131,Mathematics,Jacob Brown
100132,Arts,Thomas Brown
100133,English,Jack Martin
100134,Science,Olivia King
100135,Social studies,Lily Jones
100136,Social studies,Jacob Harris
100137,Mathematics,Charlie Wilson
100138,Arts,James Harris
100139,Science,Thomas Brown
100140,Science,Charlie Davies
100141,English,Oscar Evans
100142,English,Oscar Evans
100143,English,Charlie Wilson
100144,Social studies,Oscar Brown
100145,Social studies,Ava Wilson
100146,English,Oscar Evans
100147,English,Isabella Martin
100148,English,Oscar Harris
100149,Science,Isabella Martin
100150,Social studies,Oscar Harris
100151,Arts,Ava Wilson
100152,Arts,Isabella Martin
100153,Science,Charlie Wilson
100154,English,Lily Jones
100155,Science,Charlie Davies
100156,Social studies,Jacob Brown
100157,English,Charlie Davies
100158,Arts,Isabella Martin
100159,Mathematics,Jessica Davies
100160,English,James Harris
100161,English,Ava Wilson
100162,Arts,Olivia Martin
100163,English,Oscar Brown
100164,Social studies,Thomas Brown
100165,Arts,Jack Martin
100166,Arts,Lily Jones
100167,Arts,Charlie Wilson
100168,Mathematics,Jacob Brown
100169,Arts,Jack Martin
100170,Social studies,Oscar Harris
100171,English,Olivia Martin
100172,English,Jacob Brown
100173,Arts,Lily Jones
100174,Social studies,Jacob Brown
100175,Science,Charlie Wilson
100176,Social studies,Oscar Evans
100177,Science,Lily Jones
100178,Social studies,Jessica Davies
100179,Social studies,Thomas Brown
100180,Science,Jacob Harris
100181,Mathematics,Charlie Taylor
100182,Science,Jacob Harris
100183,Social studies,Charlie Davies
100184,Arts,Charlie Davies
100185,Arts,Oscar Evans
100186,Arts,Lily Williams
100187,English,Jacob Brown
100188,Science,Olivia Martin
100189,Science,Thomas Brown
100190,Social studies,Olivia Martin
100191,English,Charlie Wilson
100192,Arts,Thomas Brown
100193,English,Oscar Harris
100194,Mathematics,Ava White
100195,English,Ava Wilson
100196,Science,Oscar Evans
100197,Arts,Ava White
100198,Mathematics,Harry Martin
100199,Social studies,Ava White
100200,Social studies,Ava Wilson
100201,Mathematics,Harry Martin
100202,English,Isabella Martin
100203,Arts,Oscar Brown
100204,Arts,Lily Williams
100205,Social studies,Jessica Davies
100206,Science,Olivia Martin
100207,Arts,Oscar Harris
100208,English,Lily Williams
100209,English,Ava White
100210,English,Harry Martin
100211,Mathematics,Charlie Taylor
100212,Arts,Oscar Evans
100213,Science,Oscar Harris
100214,Arts,Charlie Davies
100215,Arts,Charlie Taylor
100216,Science,Charlie Davies
100217,English,Charlie Taylor
100218,Arts,Olivia Martin
100219,Arts,Thomas Brown
100220,English,Oscar Harris
100221,Social studies,Jacob Harris
100222,Mathematics,Lily Jones
100223,Arts,Lily Jones
100224,Arts,Olivia King
100225,English,James Harris
100226,Social studies,Charlie Wilson
100227,Mathematics,Ava Wilson
100228,Science,Charlie Taylor
100229,Social studies,Ava White
100230,English,Jacob Harris
100231,Social studies,Lily Jones
100232,Science,Harry Martin
100233,Arts,Charlie Wilson
100234,Science,Lily Williams
100235,Arts,Oscar Brown
100236,English,James Harris
100237,Social studies,Jacob Harris
100238,Social studies,Charlie Davies
100239,English,Jacob Brown
100240,English,Oscar Evans
100241,English,Charlie Wilson
100242,Social studies,Harry Martin
100243,Social studies,Jacob Brown
100244,Social studies,Ava White
100245,English,Jacob Harris
100246,English,Lily Williams
100247,Science,Jacob Brown
100248,English,Ava White
100249,Social studies,Harry Martin
100250,Science,Jacob Harris
100251,Mathematics,Charlie Taylor
100252,Social studies,Oscar Evans
100253,Social studies,Ava White
100254,Arts,Isabella Martin
100255,Mathematics,Jack Martin
100256,English,Olivia Martin
100257,Social studies,Charlie Wilson
100258,Mathematics,Ava Wilson
100259,Science,Jack Martin
100260,English,Charlie Wilson
100261,Mathematics,Harry Martin
100262,Science,Jack Martin
100263,Science,James Harris
100264,Mathematics,Oscar Brown
100265,Social studies,Jessica Davies
100266,Arts,Charlie Taylor
100267,English,Isabella Martin
100268,Mathematics,Jacob Harris
100269,Mathematics,Charlie Taylor
100270,Science,Thomas Brown
100271,Social studies,Oscar Harris
100272,Mathematics,Olivia Martin
100273,Social studies,Lily Jones
100274,Arts,Charlie Davies
100275,Arts,Oscar Evans
100276,Mathematics,Thomas Brown
100277,Science,Jack Martin
100278,Mathematics,Charlie Taylor
100279,Science,Charlie Taylor
100280,Social studies,Jacob Harris
100281,English,James Harris
100282,Arts,Jessica Davies
100283,Social studies,Ava White
100284,Science,Ava White
100285,Science,James Harris
100286,Social studies,Ava White
100287,Social studies,Ava White
100288,Social studies,Oscar Evans
100289,English,Charlie Davies
100290,Science,Charlie Wilson
100291,Arts,Oscar Harris
100292,Science,Oscar Evans
100293,Arts,Jacob Harris
100294,English,Thomas Brown
100295,Social studies,Isabella Martin
100296,Science,Oscar Brown
100297,Social studies,Oscar Brown
100298,Science,Charlie Davies
100299,Arts,Oscar Brown
100300,Arts,Jacob Harris
100301,English,Charlie Taylor
100302,Mathematics,James Harris
100303,Arts,Olivia Martin
100304,Mathematics,Oscar Evans
100305,English,Olivia Martin
100306,English,Charlie Wilson
100307,English,Olivia Martin
100308,Arts,Thomas Brown
100309,Arts,Isabella Martin
100310,Science,Olivia King
100311,Science,Lily Jones
100312,Science,Isabella Martin
100313,Social studies,Charlie Wilson
100314,Social studies,Jessica Davies
100315,Science,Lily Williams
100316,Social studies,Isabella Martin
100317,Science,Jacob Harris
100318,Science,Ava Wilson
100319,English,Oscar Evans
100320,English,Ava White
100321,Mathematics,Olivia King
100322,English,Oscar Harris
100323,Science,Jacob Harris
100324,Arts,Charlie Wilson
100325,English,Ava Wilson
100326,Science,Ava Wilson
100327,Social studies,Oscar Brown
100328,Mathematics,James Harris
100329,English,Lily Jones
100330,Science,Harry Martin
100331,Social studies,Isabella Martin
100332,Social studies,Ava White
100333,Science,Thomas Brown
100334,Arts,Oscar Brown
100335,Arts,Harry Martin
100336,Science,Charlie Taylor
100337,Science,Ava White
100338,Arts,Lily Williams
100339,Arts,Lily Williams
100340,Mathematics,Oscar Brown
100341,Arts,Isabella Martin
100342,Science,Isabella Martin
100343,Mathematics,Isabella Martin
100344,English,James Harris
100345,Social studies,Olivia Martin
100346,Science,Oscar Harris
100347,English,Jack Martin
100348,English,Thomas Brown
100349,English,Charlie Taylor
100350,Mathematics,Lily Jones
100351,Social studies,Ava White
100352,Science,Olivia King
100353,Science,Ava Wilson
100354,Science,Charlie Taylor
100355,Science,Lily Williams
100356,Science,James Harris
100357,Mathematics,Ava White
100358,English,Jacob Harris
100359,Arts,Olivia Martin
100360,English,Isabella Martin
100361,Mathematics,Jacob Brown
100362,Arts,James Harris
100363,English,Lily Jones
100364,English,Charlie Taylor
100365,Social studies,Charlie Davies
100366,Science,Charlie Taylor
100367,English,Oscar Brown
100368,Mathematics,Charlie Taylor
100369,Arts,Lily Jones
100370,English,Charlie Taylor
100371,English,Jacob Brown
100372,Social studies,Charlie Taylor
100373,Arts,Olivia King
100374,Arts,Olivia King
100375,Arts,Isabella Martin
100376,Science,Jessica Davies
100377,English,Jack Martin
100378,Social studies,Oscar Evans
100379,Science,Oscar Harris
100380,Social studies,Jacob Harris
100381,Social studies,Oscar Harris
100382,English,Ava Wilson
100383,Mathematics,Olivia King
100384,Mathematics,Lily Williams
100385,English,Isabella Martin
100386,Mathematics,Ava White
100387,Social studies,Jack Martin
100388,English,Olivia King
100389,English,Olivia Martin
100390,Mathematics,Ava White
100391,Social studies,Lily Williams
100392,Mathematics,Oscar Evans
100393,Science,Thomas Brown
100394,Science,Oscar Brown
100395,English,Thomas Brown
100396,English,Olivia Martin
100397,English,Jacob Harris
100398,Social studies,Isabella Martin
100399,Arts,Charlie Wilson
100400,Science,Isabella Martin
100401,Science,Oscar Harris
100402,Science,Ava White
100403,Mathematics,Oscar Harris
100404,Science,Thomas Brown
100405,English,Ava White
100406,Mathematics,Charlie Taylor
100407,English,Charlie Wilson
100408,English,Oscar Harris
100409,Mathematics,Lily Williams
100410,Social studies,Jacob Brown
100411,Arts,Isabella Martin
100412,Social studies,Olivia Martin
100413,Social studies,Oscar Evans
100414,Arts,Lily Williams
100415,Social studies,Charlie Wilson
100416,Mathematics,Harry Martin
100417,Arts,Jacob Brown
100418,Social studies,Jacob Brown
100419,Science,Ava Wilson
100420,Mathematics,Olivia Martin
100421,Mathematics,Ava Wilson
100422,Mathematics,Jacob Brown
100423,Social studies,Jack Martin
100424,English,Lily Williams
100425,Arts,Oscar Harris
100426,Arts,Charlie Taylor
100427,Arts,Ava White
100428,Arts,Oscar Evans
100429,English,Jessica Davies
100430,Arts,Oscar Evans
100431,Science,Jessica Davies
100432,Science,Charlie Wilson
100433,Social studies,Charlie Taylor
100434,English,Lily Williams
100435,Social studies,James Harris
100436,Science,Oscar Brown
100437,Social studies,Charlie Davies
100438,Mathematics,Ava Wilson
100439,Arts,Harry Martin
100440,Social studies,Olivia Martin
100441,English,Olivia Martin
100442,English,Harry Martin
100443,Mathematics,Ava Wilson
100444,English,Charlie Davies
100445,English,Olivia King
100446,Mathematics,Charlie Taylor
100447,English,Thomas Brown
100448,Social studies,Jacob Brown
100449,Social studies,Oscar Harris
100450,Mathematics,Charlie Taylor
100451,Mathematics,Charlie Davies
100452,English,Charlie Davies
100453,Social studies,Charlie Wilson
100454,Arts,Lily Jones
100455,Mathematics,Ava Wilson
100456,Arts,Isabella Martin
100457,Science,Thomas Brown
100458,Social studies,Isabella Martin
100459,Social studies,James Harris
100460,Social studies,Charlie Taylor
100461,English,Charlie Davies
100462,Social studies,Olivia King
100463,Mathematics,Harry Martin
100464,Arts,Ava Wilson
100465,English,Ava Wilson
100466,English,Ava Wilson
100467,English,Oscar Brown
100468,Mathematics,Oscar Evans
100469,English,Isabella Martin
100470,Mathematics,Thomas Brown
100471,Social studies,Charlie Wilson
100472,Arts,Harry Martin
100473,Arts,Ava White
100474,Mathematics,Isabella Martin
100475,Mathematics,Lily Jones
100476,Arts,Jack Martin
100477,Science,Thomas Brown
100478,Mathematics,Ava White
100479,Social studies,Lily Williams
100480,English,Charlie Davies
100481,Science,Oscar Evans
100482,Science,Jacob Brown
100483,Mathematics,Ava Wilson
100484,Arts,Isabella Martin
100485,Social studies,Lily Jones
100486,Mathematics,Jacob Brown
100487,Mathematics,Lily Jones
100488,Mathematics,Jack Martin
100489,Science,Oscar Harris
100490,Science,Oscar Harris
100491,Science,Charlie Wilson
100492,English,Charlie Wilson
100493,Science,Lily Williams
100494,Social studies,Jack Martin
100495,Science,Charlie Taylor
100496,Arts,Olivia Martin
100497,Arts,Ava White
100498,Science,Oscar Brown
100499,Science,Thomas Brown
100500,Social studies,Jacob Harris
100501,Social studies,James Harris
100502,Social studies,Ava White
100503,Mathematics,Olivia King
100504,Social studies,Harry Martin
100505,Mathematics,Olivia Martin
100506,Science,Lily Williams
100507,English,Oscar Brown
100508,Arts,Lily Jones
100509,Arts,Isabella Martin
100510,English,James Harris
100511,Science,Charlie Taylor
100512,English,Oscar Harris
100513,Mathematics,Harry Martin
100514,Science,Jacob Brown
100515,Mathematics,Charlie Davies
100516,Arts,Olivia Martin
100517,Social studies,Jacob Brown
100518,Science,Lily Williams
100519,Mathematics,Ava White
100520,Social studies,Lily Williams
100521,Arts,Thomas Brown
100522,Arts,Oscar Brown
100523,English,Charlie Davies
100524,Science,Isabella Martin
100525,Social studies,Charlie Taylor
100526,Arts,Charlie Taylor
100527,Science,Ava White
100528,English,James Harris
100529,Science,Jessica Davies
100530,Social studies,Oscar Evans
100531,Mathematics,Olivia King
100532,Arts,James Harris
100533,Mathematics,Oscar Harris
100534,Arts,Jessica Davies
100535,Science,Charlie Taylor
100536,Mathematics,Jessica Davies
100537,Arts,Charlie Wilson
100538,English,Ava White
100539,English,Ava Wilson
100540,Arts,Charlie Wilson
100541,Mathematics,Jacob Harris
100542,English,Charlie Wilson
100543,Social studies,James Harris
100544,Mathematics,Jacob Harris
100545,Arts,Charlie Davies
100546,English,Oscar Evans
100547,Science,Ava Wilson
100548,Science,Charlie Taylor
100549,Arts,Charlie Taylor
100550,Arts,Harry Martin
100551,Mathematics,Lily Jones
100552,Science,Jacob Harris
100553,Arts,Ava Wilson
100554,English,Oscar Evans
100555,Science,Thomas Brown
100556,Mathematics,Ava Wilson
100557,English,Jacob Brown
100558,Science,Oscar Brown
100559,English,Jacob Brown
100560,English,Ava Wilson
100561,Mathematics,Oscar Brown
100562,Science,Jacob Brown
100563,English,Olivia Martin
100564,Social studies,Oscar Harris
100565,Mathematics,Jack Martin
100566,Arts,Lily Williams
100567,Arts,James Harris
100568,Social studies,Oscar Harris
100569,Science,Oscar Brown
100570,English,Olivia King
100571,Arts,Jessica Davies
100572,Science,Oscar Evans
100573,Social studies,Jessica Davies
100574,Science,James Harris
100575,Science,Olivia King
100576,Mathematics,Lily Williams
100577,Science,Harry Martin
100578,Social studies,Jacob Brown
100579,Mathematics,Isabella Martin
100580,Mathematics,Oscar Brown
100581,Mathematics,Jacob Harris
100582,English,Oscar Harris
100583,English,Lily Jones
100584,Arts,Olivia King
100585,Mathematics,Jessica Davies
100586,English,Charlie Taylor
100587,Science,Lily Jones
100588,English,James Harris
100589,English,Oscar Brown
100590,Social studies,James Harris
100591,Social studies,Ava White
100592,Science,Oscar Evans
100593,English,Oscar Harris
100594,Mathematics,Isabella Martin
100595,Arts,Isabella Martin
100596,Arts,Jessica Davies
100597,Social studies,Olivia Martin
100598,English,Ava White
100599,Mathematics,Lily Jones
100600,Mathematics,Ava White
100601,Science,Isabella Martin
100602,English,Lily Jones
100603,Social studies,Charlie Taylor
100604,English,James Harris
100605,Mathematics,Jacob Brown
100606,Science,Oscar Brown
100607,English,Jacob Harris
100608,Social studies,Charlie Taylor
100609,Science,Jack Martin
100610,Social studies,Oscar Evans
100611,Mathematics,Ava White
100612,Social studies,Olivia King
100613,Mathematics,Oscar Brown
100614,Arts,Charlie Wilson
100615,English,Jack Martin
100616,Science,Lily Williams
100617,Mathematics,Lily Williams
100618,Science,Oscar Harris
100619,Arts,Olivia Martin
100620,English,Jacob Harris
100621,Arts,Ava White
100622,Science,Charlie Taylor
100623,English,James Harris
100624,Mathematics,Charlie Wilson
100625,English,Charlie Wilson
100626,Arts,Jessica Davies
100627,Arts,Olivia Martin
100628,Arts,Charlie Taylor
100629,English,Jacob Brown
100630,Arts,Thomas Brown
100631,Social studies,Ava White
100632,Mathematics,Jacob Harris
100633,English,Isabella Martin
100634,Mathematics,Isabella Martin
100635,Social studies,Harry Martin
100636,English,Ava Wilson
100637,Science,Jack Martin
100638,Mathematics,Jacob Harris
100639,Mathematics,Charlie Taylor
100640,Social studies,Ava Wilson
100641,Mathematics,Ava White
100642,Science,Jacob Harris
100643,Mathematics,Charlie Davies
100644,English,Jacob Harris
100645,Science,Charlie Taylor
100646,Mathematics,Charlie Wilson
100647,Science,Jack Martin
100648,English,Jack Martin
100649,Social studies,Oscar Harris
100650,Social studies,Harry Martin
100651,Arts,Lily Jones
100652,Science,Charlie Wilson
100653,Social studies,Oscar Evans
100654,English,Charlie Davies
100655,English,Ava Wilson
100656,Mathematics,Charlie Taylor
100657,Mathematics,Harry Martin
100658,Social studies,Charlie Wilson
100659,Science,Oscar Harris
100660,English,Jacob Brown
100661,Science,Jacob Brown
100662,Arts,James Harris
100663,English,Charlie Taylor
100664,Social studies,Harry Martin
100665,Science,Jacob Harris
100666,Science,Lily Jones
100667,Arts,Oscar Brown
100668,English,Oscar Evans
100669,Science,Lily Jones
100670,Science,Lily Jones
100671,Science,Jacob Harris
100672,Mathematics,Harry Martin
100673,English,Charlie Wilson
100674,Social studies,Oscar Harris
100675,Arts,Isabella Martin
100676,Mathematics,Charlie Wilson
100677,Social studies,Oscar Brown
100678,Science,Ava Wilson
100679,Social studies,Lily Jones
100680,English,Olivia King
100681,Arts,Ava Wilson
100682,Social studies,Oscar Evans
100683,Arts,Isabella Martin
100684,Science,Charlie Taylor
100685,Social studies,Oscar Brown
100686,Social studies,Harry Martin
100687,Mathematics,Oscar Evans
100688,Mathematics,Jack Martin
100689,Mathematics,Oscar Brown
100690,Science,Oscar Brown
100691,Social studies,Lily Williams
100692,Mathematics,James Harris
100693,Arts,Charlie Taylor
100694,Mathematics,Charlie Taylor
100695,English,Charlie Wilson
100696,Arts,Isabella Martin
100697,Arts,Ava White
100698,Social studies,James Harris
100699,Arts,Jacob Brown
100700,Social studies,Charlie Davies
100701,Science,Jacob Harris
100702,Mathematics,Charlie Taylor
100703,Arts,Charlie Davies
100704,Social studies,Ava White
100705,Arts,Olivia King
100706,English,Oscar Evans
100707,Science,Isabella Martin
100708,Arts,Oscar Brown
100709,Mathematics,Olivia Martin
100710,Science,Jessica Davies
100711,Social studies,Olivia Martin
100712,English,Jacob Brown
100713,Arts,Lily Jones
100714,Social studies,Jacob Harris
100715,Arts,Olivia King
100716,Social studies,Jacob Harris
100717,Mathematics,Ava White
100718,Social studies,Charlie Wilson
100719,Arts,Ava White
100720,English,Charlie Davies
100721,Science,Charlie Taylor
100722,Mathematics,Ava White
100723,Science,Jack Martin
100724,Mathematics,Isabella Martin
100725,English,Harry Martin
100726,Mathematics,Olivia King
100727,Arts,Oscar Harris
100728,Mathematics,Jacob Brown
100729,Mathematics,Charlie Wilson
100730,Arts,Lily Jones
100731,Mathematics,Jessica Davies
100732,Science,Harry Martin
100733,Arts,Olivia Martin
100734,English,Isabella Martin
100735,Social studies,Oscar Brown
100736,Science,Ava White
100737,Social studies,Lily Jones
100738,Social studies,Thomas Brown
100739,Social studies,Ava White
100740,Social studies,James Harris
100741,Mathematics,Ava Wilson
100742,Social studies,Jacob Harris
100743,Science,Charlie Taylor
100744,Science,Ava White
100745,Science,Thomas Brown
100746,Science,Olivia King
100747,Science,Jacob Brown
100748,English,Charlie Taylor
100749,Social studies,Charlie Wilson
100750,Arts,Olivia King
100751,Science,Oscar Evans
100752,Arts,Harry Martin
100753,Social studies,Jessica Davies
100754,Arts,Charlie Davies
100755,English,Oscar Harris
100756,English,Harry Martin
100757,Science,Jacob Harris
100758,English,Oscar Evans
100759,Social studies,Lily Williams
100760,Arts,Jacob Brown
100761,Arts,Harry Martin
100762,Mathematics,Ava Wilson
100763,English,Olivia Martin
100764,English,Isabella Martin
100765,Science,Charlie Wilson
100766,Arts,Oscar Evans
100767,English,Jessica Davies
100768,Arts,Lily Jones
100769,Mathematics,Olivia King
100770,English,Oscar Brown
100771,Social studies,Ava Wilson
100772,English,Jacob Harris
100773,Mathematics,Jessica Davies
100774,Social studies,Lily Williams
100775,Science,Jack Martin
100776,Mathematics,Oscar Brown
100777,Science,Ava White
100778,Mathematics,Charlie Davies
100779,Social studies,Olivia Martin
100780,English,Harry Martin
100781,English,Harry Martin
100782,Mathematics,Lily Jones
100783,Mathematics,Oscar Harris
100784,Arts,Jessica Davies
100785,Mathematics,Olivia Martin
100786,Science,Ava White
100787,Science,Isabella Martin
100788,Science,Isabella Martin
100789,Arts,Lily Jones
100790,Mathematics,Olivia King
100791,Science,Oscar Evans
100792,Science,Thomas Brown
100793,Social studies,Ava White
100794,Social studies,Isabella Martin
100795,Social studies,Olivia Martin
100796,English,Thomas Brown
100797,Social studies,Ava Wilson
100798,Mathematics,Charlie Davies
100799,Mathematics,Thomas Brown
100800,Science,Jack Martin
100801,Social studies,Charlie Davies
100802,English,Charlie Davies
100803,Social studies,Jacob Harris
100804,Mathematics,Thomas Brown
100805,English,Oscar Brown
100806,Social studies,Harry Martin
100807,Arts,Isabella Martin
100808,English,Olivia Martin
100809,English,Charlie Taylor
100810,Science,Ava Wilson
100811,Social studies,James Harris
100812,Mathematics,Lily Williams
100813,Mathematics,Oscar Harris
100814,Mathematics,Charlie Taylor
100815,English,Lily Williams
100816,English,Olivia King
100817,Science,Ava Wilson
100818,Science,Jacob Brown
100819,Science,Charlie Wilson
100820,Science,James Harris
100821,Social studies,Jacob Harris
100822,Arts,Thomas Brown
100823,English,Jessica Davies
100824,Arts,Ava White
100825,Arts,Olivia Martin
100826,Science,Charlie Davies
100827,Social studies,Lily Williams
100828,Social studies,Olivia King
100829,English,James Harris
100830,Science,Ava Wilson
100831,Mathematics,Isabella Martin
100832,English,Isabella Martin
100833,Science,Jacob Brown
100834,Science,Jack Martin
100835,Social studies,Lily Williams
100836,Science,Oscar Evans
100837,English,Jessica Davies
100838,Mathematics,Charlie Davies
100839,Mathematics,Olivia Martin
100840,Science,Jacob Brown
100841,Mathematics,Ava White
100842,Social studies,Harry Martin
100843,Arts,Olivia Martin
100844,Mathematics,Isabella Martin
100845,Science,Charlie Davies
100846,English,Oscar Evans
100847,Arts,Harry Martin
100848,Mathematics,Oscar Evans
100849,Social studies,Jacob Brown
100850,English,Olivia Martin
100851,Social studies,James Harris
100852,Mathematics,Lily Williams
100853,Arts,Jacob Brown
100854,Arts,Oscar Harris
100855,Mathematics,Lily Williams
100856,Arts,Jessica Davies
100857,English,Oscar Harris
100858,Science,Olivia King
100859,Arts,Lily Jones
100860,Arts,Oscar Brown
100861,Science,Lily Jones
100862,English,Oscar Evans
100863,English,Charlie Davies
100864,Mathematics,Oscar Brown
100865,Mathematics,Lily Jones
100866,English,Jacob Harris
100867,Mathematics,Isabella Martin
100868,Mathematics,Lily Jones
100869,Social studies,Lily Williams
100870,English,Thomas Brown
100871,Social studies,Jacob Harris
100872,Social studies,Lily Jones
100873,Science,Jacob Harris
100874,Social studies,Oscar Brown
100875,Arts,Charlie Taylor
100876,Science,Isabella Martin
100877,Social studies,Charlie Wilson
100878,English,Isabella Martin
100879,Mathematics,Charlie Taylor
100880,Mathematics,Jacob Brown
100881,Mathematics,Lily Jones
100882,Science,Harry Martin
100883,English,Olivia King
100884,Mathematics,Ava Wilson
100885,English,Olivia King
100886,English,Thomas Brown
100887,English,Harry Martin
100888,Science,Lily Jones
100889,Science,Oscar Evans
100890,Mathematics,Ava White
100891,Arts,Lily Williams
100892,Social studies,Jack Martin
100893,Mathematics,Olivia Martin
100894,Mathematics,Lily Jones
100895,Arts,Jessica Davies
100896,Arts,Isabella Martin
100897,Social studies,Lily Jones
100898,Mathematics,Oscar Evans
100899,Mathematics,Charlie Wilson
100900,English,Lily Williams
100901,Science,Lily Jones
100902,Arts,Charlie Davies
100903,Science,Thomas Brown
100904,Social studies,Isabella Martin
100905,Arts,Harry Martin
100906,Social studies,Jessica Davies
100907,English,Ava Wilson
100908,Arts,James Harris
100909,Science,Oscar Brown
100910,English,Harry Martin
100911,Mathematics,Jacob Brown
100912,English,Ava White
100913,Mathematics,Charlie Wilson
100914,English,Charlie Taylor
100915,Social studies,Oscar Brown
100916,Social studies,Oscar Evans
100917,Science,Olivia Martin
100918,Arts,Jacob Harris
100919,Social studies,Charlie Davies
100920,Mathematics,Ava White
100921,Mathematics,Jack Martin
100922,Mathematics,Lily Williams
100923,Mathematics,Ava Wilson
100924,Science,Lily Williams
100925,Arts,Jacob Harris
100926,Mathematics,Harry Martin
100927,Mathematics,Oscar Brown
100928,Arts,Thomas Brown
100929,Social studies,James Harris
100930,Science,Thomas Brown
100931,English,James Harris
100932,English,Charlie Wilson
100933,English,Charlie Davies
100934,English,Ava Wilson
100935,Science,Isabella Martin
100936,Arts,Harry Martin
100937,Social studies,Ava Wilson
100938,Science,Oscar Harris
100939,English,Charlie Wilson
100940,Science,Oscar Brown
100941,Mathematics,Oscar Evans
100942,Science,Charlie Wilson
100943,Arts,Charlie Davies
100944,English,Lily Jones
100945,English,Charlie Wilson
100946,Science,Lily Williams
100947,Mathematics,Jack Martin
100948,Science,Olivia Martin
100949,English,James Harris
100950,Science,Jack Martin
100951,Arts,Lily Jones
100952,Mathematics,Olivia King
100953,Science,Olivia Martin
100954,Arts,Jessica Davies
100955,Social studies,Jacob Brown
100956,Social studies,Harry Martin
100957,Mathematics,Jessica Davies
100958,English,Charlie Davies
100959,Arts,Olivia Martin
100960,Social studies,Oscar Harris
100961,Social studies,Olivia Martin
100962,Mathematics,Lily Jones
100963,Science,Olivia King
100964,Mathematics,Isabella Martin
100965,English,Oscar Brown
100966,English,Jack Martin
100967,Arts,Jacob Harris
100968,Science,Jacob Harris
100969,Science,Lily Jones
100970,English,Ava White
100971,Mathematics,Jessica Davies
100972,English,Oscar Brown
100973,Science,Thomas Brown
100974,Arts,Olivia King
100975,Science,Jacob Brown
100976,Arts,Oscar Evans
100977,Social studies,Charlie Taylor
100978,Mathematics,Jacob Harris
100979,Arts,Lily Jones
100980,English,Jack Martin
100981,Mathematics,Ava Wilson
100982,Social studies,Isabella Martin
100983,Mathematics,Harry Martin
100984,Arts,Ava Wilson
100985,English,Charlie Davies
100986,Science,Oscar Evans
100987,Science,Jack Martin
100988,Arts,Jacob Brown
100989,Social studies,Charlie Taylor
100990,Arts,Charlie Davies
100991,Science,Jacob Harris
100992,English,Thomas Brown
100993,Arts,Olivia King
100994,English,Charlie Davies
100995,English,Jessica Davies
100996,English,Oscar Evans
100997,Arts,Thomas Brown
100998,English,Jessica Davies
100999,English,Charlie Davies
101000,Science,Ava Wilson
